INSERT INTO USER (ENABLED, FIRST_NAME, LAST_NAME, PASSWORD, USERNAME, CREATE_USER_USERNAME, CREATE_DATE) VALUES(TRUE, 'Admin', 'Istrator', '$2a$10$ov.d3ve/P8Vk0SKnw29x4e6IC/SoSZPJJgvpbZSXTOXHkNZ997awO', 'admin', 'admin', '2016-01-01 00:00:00')
INSERT INTO USER_USER_ROLE (USER_USERNAME, ROLES) VALUES ('admin', 'ADMIN')
INSERT INTO user_Profile (right_pools, total_time, no_failed, no_succeed, played_with, username) VALUES ('1', '2000000', '1', '1', 'user1, user2, heferboy, uolki', 'admin')
INSERT INTO USER (ENABLED, FIRST_NAME, LAST_NAME, PASSWORD, USERNAME, CREATE_USER_USERNAME, CREATE_DATE) VALUES(TRUE, 'Susi', 'Kaufgern', '$2a$10$ov.d3ve/P8Vk0SKnw29x4e6IC/SoSZPJJgvpbZSXTOXHkNZ997awO', 'user1', 'admin', '2016-01-01 00:00:00')
INSERT INTO USER_USER_ROLE (USER_USERNAME, ROLES) VALUES ('user1', 'TEACHER')
INSERT INTO USER (ENABLED, FIRST_NAME, LAST_NAME, PASSWORD, USERNAME, CREATE_USER_USERNAME, CREATE_DATE,EMAIL) VALUES(TRUE, 'Max', 'Mustermann', '$2a$10$ov.d3ve/P8Vk0SKnw29x4e6IC/SoSZPJJgvpbZSXTOXHkNZ997awO', 'user2', 'admin', '2016-01-01 00:00:00','max.mustermann@gmail.com')
INSERT INTO USER_USER_ROLE (USER_USERNAME, ROLES) VALUES ('user2', 'PLAYER')
INSERT INTO USER (ENABLED, FIRST_NAME, LAST_NAME, PASSWORD, USERNAME, CREATE_USER_USERNAME, CREATE_DATE) VALUES(TRUE, 'Christian', 'Chiste', '$2a$10$ov.d3ve/P8Vk0SKnw29x4e6IC/SoSZPJJgvpbZSXTOXHkNZ997awO', 'heferboy', 'admin', '2016-01-01 00:00:00')
INSERT INTO USER_USER_ROLE (USER_USERNAME, ROLES) VALUES ('heferboy', 'ADMIN')
INSERT INTO USER (ENABLED, FIRST_NAME, LAST_NAME, PASSWORD, USERNAME, CREATE_USER_USERNAME, CREATE_DATE) VALUES(TRUE, 'Alex', 'Walcher', '$2a$10$ov.d3ve/P8Vk0SKnw29x4e6IC/SoSZPJJgvpbZSXTOXHkNZ997awO', 'uolki', 'admin', '2016-01-01 00:00:00')
INSERT INTO user_Profile (right_pools, total_time, no_failed, no_succeed, played_with, username) VALUES ('1', '2000000', '1', '1', 'user1, user2, heferboy, uolki', 'heferboy')
INSERT INTO USER_USER_ROLE (USER_USERNAME, ROLES) VALUES ('uolki', 'ADMIN')
INSERT INTO USER (ENABLED, FIRST_NAME, LAST_NAME, PASSWORD, USERNAME, CREATE_USER_USERNAME, CREATE_DATE) VALUES(TRUE, 'Michael', 'Unterholzner', '$2a$10$ov.d3ve/P8Vk0SKnw29x4e6IC/SoSZPJJgvpbZSXTOXHkNZ997awO', 'michiu97', 'admin', '2016-01-01 00:00:00')
INSERT INTO USER_USER_ROLE (USER_USERNAME, ROLES) VALUES ('michiu97', 'ADMIN')
INSERT INTO USER (ENABLED, FIRST_NAME, LAST_NAME, PASSWORD, USERNAME, CREATE_USER_USERNAME, CREATE_DATE) VALUES(TRUE, 'Lukas', 'Schmiedinger', '$2a$10$ov.d3ve/P8Vk0SKnw29x4e6IC/SoSZPJJgvpbZSXTOXHkNZ997awO', 'lukas.schmiedi', 'admin', '2016-01-01 00:00:00')
INSERT INTO USER_USER_ROLE (USER_USERNAME, ROLES) VALUES ('lukas.schmiedi', 'ADMIN')
INSERT INTO USER (ENABLED, FIRST_NAME, LAST_NAME, PASSWORD, USERNAME, CREATE_USER_USERNAME, CREATE_DATE) VALUES(TRUE, 'Marco', 'Fregonese', '$2a$10$ov.d3ve/P8Vk0SKnw29x4e6IC/SoSZPJJgvpbZSXTOXHkNZ997awO', 'marco.frego', 'admin', '2016-01-01 00:00:00')
INSERT INTO USER_USER_ROLE (USER_USERNAME, ROLES) VALUES ('marco.frego', 'ADMIN')

INSERT INTO user_Profile (right_pools, total_time, no_failed, no_succeed, played_with, username) VALUES ('1', '2000000', '1', '1', 'user1, user2, heferboy, uolki', 'heferboy')
INSERT INTO user_Profile (right_pools, total_time, no_failed, no_succeed, played_with, username) VALUES ('1', '2000000', '1', '1', '', 'user1')

INSERT INTO pool (username, difficulty, topic, total_points) VALUES ('admin','easy', 'Spiele', '20')
INSERT INTO pool (difficulty, topic, total_points) VALUES ('hard', 'Spiele', '50')
INSERT INTO pool (difficulty, topic, total_points) VALUES ('easy', 'Technik', '20')
INSERT INTO pool (difficulty, topic, total_points) VALUES ('hard', 'Technik', '50')
INSERT INTO pool (difficulty, topic, total_points) VALUES ('easy', 'Musik', '50')
INSERT INTO pool (difficulty, topic, total_points) VALUES ('easy', 'TV-Serien', '50')


INSERT INTO answer_statistic (topic, no_succeed, no_failed, difficulty, username, percentage) VALUES ('Games', '1', '1', 'hard', 'admin', '50.0')
INSERT INTO answer_statistic (topic, no_succeed, no_failed, difficulty, username, percentage) VALUES ('Sport', '4', '1', 'hard', 'admin', '80.0')
INSERT INTO answer_statistic (topic, no_succeed, no_failed, difficulty, username, percentage) VALUES ('hi', '2', '1', 'hard', 'admin', '66.6')
INSERT INTO answer_statistic (topic, no_succeed, no_failed, difficulty, username, percentage) VALUES ('Games', '2', '1', 'hard', 'admin', '66.6')

INSERT INTO game_room(team_name) VALUES('Clownfiesta')


INSERT INTO QUESTION(TOPIC,DIFFICULTY,QUESTION,POOL_ID) VALUES('Gaming','hard','Welche Farben hat Luigis Kleidung?',1)
INSERT INTO ANSWER(ANSWER,POOL_ID) VALUES ('gruen',1)
INSERT INTO ANSWER(ANSWER,POOL_ID) VALUES ('blau',1)
INSERT INTO ANSWER(ANSWER,POOL_ID) VALUES ('rot',1)
INSERT INTO ANSWER(ANSWER,POOL_ID) VALUES ('gelb',1)

INSERT INTO QUESTION_ANSWER(ANSWER_ID,QUESTION_ID) VALUES(1,1)
INSERT INTO QUESTION_ANSWER(ANSWER_ID,QUESTION_ID) VALUES(2,1)
INSERT INTO QUESTION_ANSWER(ANSWER_ID,QUESTION_ID) VALUES(3,1)
INSERT INTO QUESTION_ANSWER(ANSWER_ID,QUESTION_ID) VALUES(4,1)

INSERT INTO QUESTION(TOPIC,DIFFICULTY,QUESTION,POOL_ID) VALUES('Gaming','easy','Wer ist der Boesewicht bei Mario-Games?',1)
INSERT INTO ANSWER(ANSWER,POOL_ID) VALUES ('Bowser',1)
INSERT INTO ANSWER(ANSWER,POOL_ID) VALUES ('Lauser',1)
INSERT INTO ANSWER(ANSWER,POOL_ID) VALUES ('Hauser',1)
INSERT INTO ANSWER(ANSWER,POOL_ID) VALUES ('Bausa',1)
INSERT INTO QUESTION_ANSWER(ANSWER_ID,QUESTION_ID) VALUES(5,2)
INSERT INTO QUESTION_ANSWER(ANSWER_ID,QUESTION_ID) VALUES(6,2)
INSERT INTO QUESTION_ANSWER(ANSWER_ID,QUESTION_ID) VALUES(7,2)
INSERT INTO QUESTION_ANSWER(ANSWER_ID,QUESTION_ID) VALUES(8,2)
INSERT INTO question (question, difficulty, topic, pool_id ) VALUES('Wofuer steht die Abkuerzung CoD im Videospiel-Zusammenhang?', 'easy', 'Computerspiele', 1)
INSERT INTO ANSWER(ANSWER,POOL_ID) VALUES ('Call of Duty',1)
INSERT INTO ANSWER(ANSWER,POOL_ID) VALUES ('Call of Death',1)
INSERT INTO ANSWER(ANSWER,POOL_ID) VALUES ('Command on Death',1)
INSERT INTO ANSWER(ANSWER,POOL_ID) VALUES ('Call of Down',1)
INSERT INTO QUESTION_ANSWER(ANSWER_ID,QUESTION_ID) VALUES(9,3)
INSERT INTO QUESTION_ANSWER(ANSWER_ID,QUESTION_ID) VALUES(10,3)
INSERT INTO QUESTION_ANSWER(ANSWER_ID,QUESTION_ID) VALUES(11,3)
INSERT INTO QUESTION_ANSWER(ANSWER_ID,QUESTION_ID) VALUES(12,3)
INSERT INTO question (question, difficulty, topic, pool_id ) VALUES('Wie nennt man es, wenn sich bei World of Warcraft zwei Spieler duellieren?', 'easy', 'Computerspiele',1)
INSERT INTO ANSWER(ANSWER,POOL_ID) VALUES ('PvP',1)
INSERT INTO ANSWER(ANSWER,POOL_ID) VALUES ('Duell',1)
INSERT INTO ANSWER(ANSWER,POOL_ID) VALUES ('Battle',1)
INSERT INTO ANSWER(ANSWER,POOL_ID) VALUES ('Arena',1)
INSERT INTO QUESTION_ANSWER(ANSWER_ID,QUESTION_ID) VALUES(13,4)
INSERT INTO QUESTION_ANSWER(ANSWER_ID,QUESTION_ID) VALUES(14,4)
INSERT INTO QUESTION_ANSWER(ANSWER_ID,QUESTION_ID) VALUES(15,4)
INSERT INTO QUESTION_ANSWER(ANSWER_ID,QUESTION_ID) VALUES(16,4)
INSERT INTO question (question, difficulty, topic, pool_id ) VALUES('Was bedeutet "free roaming" und "open-world" im Spiel-Zusammenhang?', 'easy', 'Computerspiele',1)
INSERT INTO ANSWER(ANSWER,POOL_ID) VALUES ('Spielumgebung ohne kuenstliche Barrieren',1)
INSERT INTO ANSWER(ANSWER,POOL_ID) VALUES ('selbst entscheiden koennen',1)
INSERT INTO ANSWER(ANSWER,POOL_ID) VALUES ('gratis Internet',1)
INSERT INTO ANSWER(ANSWER,POOL_ID) VALUES ('komplett zugaenglich',1)
INSERT INTO QUESTION_ANSWER(ANSWER_ID,QUESTION_ID) VALUES(17,5)
INSERT INTO QUESTION_ANSWER(ANSWER_ID,QUESTION_ID) VALUES(18,5)
INSERT INTO QUESTION_ANSWER(ANSWER_ID,QUESTION_ID) VALUES(19,5)
INSERT INTO QUESTION_ANSWER(ANSWER_ID,QUESTION_ID) VALUES(20,5)
INSERT INTO question (question, difficulty, topic, pool_id ) VALUES('Was erscheint, wenn man einen zusaetzlichen Lebenspilz bei Super Mario Bros. nimmt?', 'easy', 'Computerspiele',1)
INSERT INTO ANSWER(ANSWER,POOL_ID) VALUES ('1up',1)
INSERT INTO ANSWER(ANSWER,POOL_ID) VALUES ('Mega Mario',1)
INSERT INTO ANSWER(ANSWER,POOL_ID) VALUES ('Mini Mario',1)
INSERT INTO ANSWER(ANSWER,POOL_ID) VALUES ('Panzer Mario',1)
INSERT INTO QUESTION_ANSWER(ANSWER_ID,QUESTION_ID) VALUES(21,6)
INSERT INTO QUESTION_ANSWER(ANSWER_ID,QUESTION_ID) VALUES(22,6)
INSERT INTO QUESTION_ANSWER(ANSWER_ID,QUESTION_ID) VALUES(23,6)
INSERT INTO QUESTION_ANSWER(ANSWER_ID,QUESTION_ID) VALUES(24,6)
INSERT INTO question (question, difficulty, topic, pool_id ) VALUES('Welche beiden Fraktionen treten im Computerspiel-Klassiker "World of Warcraft" gegeneinander an?', 'easy', 'Computerspiele',1)
INSERT INTO ANSWER(ANSWER,POOL_ID) VALUES ('Allianz vs Horde',1)
INSERT INTO ANSWER(ANSWER,POOL_ID) VALUES ('Allianz vs Unterwelt',1)
INSERT INTO ANSWER(ANSWER,POOL_ID) VALUES ('Horde vs Unterwelt',1)
INSERT INTO ANSWER(ANSWER,POOL_ID) VALUES ('Allianz vs Diabolen',1)
INSERT INTO QUESTION_ANSWER(ANSWER_ID,QUESTION_ID) VALUES(25,7)
INSERT INTO QUESTION_ANSWER(ANSWER_ID,QUESTION_ID) VALUES(26,7)
INSERT INTO QUESTION_ANSWER(ANSWER_ID,QUESTION_ID) VALUES(27,7)
INSERT INTO QUESTION_ANSWER(ANSWER_ID,QUESTION_ID) VALUES(28,7)
INSERT INTO question (question, difficulty, topic, pool_id ) VALUES('Welche Firma entwickelt "Diablo 3"?', 'easy', 'Computerspiele',1)
INSERT INTO ANSWER(ANSWER,POOL_ID) VALUES ('Blizzard',1)
INSERT INTO ANSWER(ANSWER,POOL_ID) VALUES ('Riot',1)
INSERT INTO ANSWER(ANSWER,POOL_ID) VALUES ('Activision',1)
INSERT INTO ANSWER(ANSWER,POOL_ID) VALUES ('EA',1)
INSERT INTO QUESTION_ANSWER(ANSWER_ID,QUESTION_ID) VALUES(29,8)
INSERT INTO QUESTION_ANSWER(ANSWER_ID,QUESTION_ID) VALUES(30,8)
INSERT INTO QUESTION_ANSWER(ANSWER_ID,QUESTION_ID) VALUES(31,8)
INSERT INTO QUESTION_ANSWER(ANSWER_ID,QUESTION_ID) VALUES(32,8)
INSERT INTO question (question, difficulty, topic, pool_id ) VALUES('Welches der folgenden ist KEIN Kampfspiel?', 'easy', 'Computerspiele',1)
INSERT INTO ANSWER(ANSWER,POOL_ID) VALUES ('Civilization',1)
INSERT INTO ANSWER(ANSWER,POOL_ID) VALUES ('Call of Duty',1)
INSERT INTO ANSWER(ANSWER,POOL_ID) VALUES ('Battlefield',1)
INSERT INTO ANSWER(ANSWER,POOL_ID) VALUES ('Halo',1)
INSERT INTO QUESTION_ANSWER(ANSWER_ID,QUESTION_ID) VALUES(33,9)
INSERT INTO QUESTION_ANSWER(ANSWER_ID,QUESTION_ID) VALUES(34,9)
INSERT INTO QUESTION_ANSWER(ANSWER_ID,QUESTION_ID) VALUES(35,9)
INSERT INTO QUESTION_ANSWER(ANSWER_ID,QUESTION_ID) VALUES(36,9)
INSERT INTO question (question, difficulty, topic , pool_id ) VALUES('Welches Unternehmen veroeffentlichte und vertrieb die Videospiel-Reihe "Halo"?', 'easy', 'Computerspiele',1)
INSERT INTO ANSWER(ANSWER,POOL_ID) VALUES ('Microsoft Game Studios',1)
INSERT INTO ANSWER(ANSWER,POOL_ID) VALUES ('Blizzard',1)
INSERT INTO ANSWER(ANSWER,POOL_ID) VALUES ('Activision',1)
INSERT INTO ANSWER(ANSWER,POOL_ID) VALUES ('EA',1)
INSERT INTO QUESTION_ANSWER(ANSWER_ID,QUESTION_ID) VALUES(37,10)
INSERT INTO QUESTION_ANSWER(ANSWER_ID,QUESTION_ID) VALUES(38,10)
INSERT INTO QUESTION_ANSWER(ANSWER_ID,QUESTION_ID) VALUES(39,10)
INSERT INTO QUESTION_ANSWER(ANSWER_ID,QUESTION_ID) VALUES(40,10)
INSERT INTO question (question, difficulty, topic , pool_id ) VALUES('Wie heisst das Smartphone-Spiel, bei dem der Spieler Obst mit einem Schwert zerteilt?', 'easy', 'Computerspiele',1)
INSERT INTO ANSWER(ANSWER,POOL_ID) VALUES ('Fruit Ninja',1)
INSERT INTO ANSWER(ANSWER,POOL_ID) VALUES ('Fruit Fighter',1)
INSERT INTO ANSWER(ANSWER,POOL_ID) VALUES ('Fruit Slasher',1)
INSERT INTO ANSWER(ANSWER,POOL_ID) VALUES ('Fruit Crasher',1)
INSERT INTO QUESTION_ANSWER(ANSWER_ID,QUESTION_ID) VALUES(41,11)
INSERT INTO QUESTION_ANSWER(ANSWER_ID,QUESTION_ID) VALUES(42,11)
INSERT INTO QUESTION_ANSWER(ANSWER_ID,QUESTION_ID) VALUES(43,11)
INSERT INTO QUESTION_ANSWER(ANSWER_ID,QUESTION_ID) VALUES(44,11)
INSERT INTO question (question, difficulty, topic, pool_id  ) VALUES('Wie heisst der gruen gekleidete Held des Spiels "Zelda"?', 'easy', 'Computerspiele',1)
INSERT INTO ANSWER(ANSWER,POOL_ID) VALUES ('Link',1)
INSERT INTO ANSWER(ANSWER,POOL_ID) VALUES ('Blink',1)
INSERT INTO ANSWER(ANSWER,POOL_ID) VALUES ('Sink',1)
INSERT INTO ANSWER(ANSWER,POOL_ID) VALUES ('Zelda',1)
INSERT INTO QUESTION_ANSWER(ANSWER_ID,QUESTION_ID) VALUES(45,12)
INSERT INTO QUESTION_ANSWER(ANSWER_ID,QUESTION_ID) VALUES(46,12)
INSERT INTO QUESTION_ANSWER(ANSWER_ID,QUESTION_ID) VALUES(47,12)
INSERT INTO QUESTION_ANSWER(ANSWER_ID,QUESTION_ID) VALUES(48,12)
INSERT INTO question (question, difficulty, topic, pool_id  ) VALUES('Wie heisst der Sohn von Alex Mason im Spiel "Black Ops" aus der Call of Duty-Reihe?', 'easy', 'Computerspiele',1)
INSERT INTO ANSWER(ANSWER,POOL_ID) VALUES ('David Mason',1)
INSERT INTO ANSWER(ANSWER,POOL_ID) VALUES ('Christian Mason',1)
INSERT INTO ANSWER(ANSWER,POOL_ID) VALUES ('John Mason',1)
INSERT INTO ANSWER(ANSWER,POOL_ID) VALUES ('Jack Mason',1)
INSERT INTO QUESTION_ANSWER(ANSWER_ID,QUESTION_ID) VALUES(49,13)
INSERT INTO QUESTION_ANSWER(ANSWER_ID,QUESTION_ID) VALUES(50,13)
INSERT INTO QUESTION_ANSWER(ANSWER_ID,QUESTION_ID) VALUES(51,13)
INSERT INTO QUESTION_ANSWER(ANSWER_ID,QUESTION_ID) VALUES(52,13)
INSERT INTO question (question, difficulty, topic, pool_id  ) VALUES('Wie heisst die Hauptfigur im Action-RPG "Mass Effect"?', 'easy', 'Computerspiele',1)
INSERT INTO ANSWER(ANSWER,POOL_ID) VALUES ('Commander Shepard',1)
INSERT INTO ANSWER(ANSWER,POOL_ID) VALUES ('Commander Black',1)
INSERT INTO ANSWER(ANSWER,POOL_ID) VALUES ('Commander Mason',1)
INSERT INTO ANSWER(ANSWER,POOL_ID) VALUES ('Meister Propper',1)
INSERT INTO QUESTION_ANSWER(ANSWER_ID,QUESTION_ID) VALUES(53,14)
INSERT INTO QUESTION_ANSWER(ANSWER_ID,QUESTION_ID) VALUES(54,14)
INSERT INTO QUESTION_ANSWER(ANSWER_ID,QUESTION_ID) VALUES(55,14)
INSERT INTO QUESTION_ANSWER(ANSWER_ID,QUESTION_ID) VALUES(56,14)
INSERT INTO question (question, difficulty, topic, pool_id  ) VALUES('Wie heisst die Hauptfigur im Spiel "Grand Theft Auto: Vice City"?', 'easy', 'Computerspiele',1)
INSERT INTO ANSWER(ANSWER,POOL_ID) VALUES ('Tommy Vercetti',1)
INSERT INTO ANSWER(ANSWER,POOL_ID) VALUES ('Johhny Sametti',1)
INSERT INTO ANSWER(ANSWER,POOL_ID) VALUES ('Fabio Gattuso',1)
INSERT INTO ANSWER(ANSWER,POOL_ID) VALUES ('Andrea Pirlo',1)
INSERT INTO QUESTION_ANSWER(ANSWER_ID,QUESTION_ID) VALUES(57,15)
INSERT INTO QUESTION_ANSWER(ANSWER_ID,QUESTION_ID) VALUES(58,15)
INSERT INTO QUESTION_ANSWER(ANSWER_ID,QUESTION_ID) VALUES(59,15)
INSERT INTO QUESTION_ANSWER(ANSWER_ID,QUESTION_ID) VALUES(60,15)

INSERT INTO question (question, difficulty, topic, pool_id  ) VALUES('In welcher Spiele-Serie ist "Master Chief" die Hauptfigur?', 'hard', 'Computerspiele',2)
INSERT INTO ANSWER(ANSWER,POOL_ID) VALUES ('Halo',2)
INSERT INTO ANSWER(ANSWER,POOL_ID) VALUES ('Salut',2)
INSERT INTO ANSWER(ANSWER,POOL_ID) VALUES ('Mass Effect',2)
INSERT INTO ANSWER(ANSWER,POOL_ID) VALUES ('Command in Conquer',2)
INSERT INTO QUESTION_ANSWER(ANSWER_ID,QUESTION_ID) VALUES(61,16)
INSERT INTO QUESTION_ANSWER(ANSWER_ID,QUESTION_ID) VALUES(62,16)
INSERT INTO QUESTION_ANSWER(ANSWER_ID,QUESTION_ID) VALUES(63,16)
INSERT INTO QUESTION_ANSWER(ANSWER_ID,QUESTION_ID) VALUES(64,16)
INSERT INTO question (question, difficulty, topic, pool_id  ) VALUES('Im Juni 2013 erschien das Action-Adventure "The Last of Us". Wie heisst neben "Joel" der weibliche Hauptcharakter des Spiels"?', 'hard', 'Computerspiele',2)
INSERT INTO ANSWER(ANSWER,POOL_ID) VALUES ('Ellie',2)
INSERT INTO ANSWER(ANSWER,POOL_ID) VALUES ('Millie',2)
INSERT INTO ANSWER(ANSWER,POOL_ID) VALUES ('Sandy',2)
INSERT INTO ANSWER(ANSWER,POOL_ID) VALUES ('Brandi',2)
INSERT INTO QUESTION_ANSWER(ANSWER_ID,QUESTION_ID) VALUES(65,17)
INSERT INTO QUESTION_ANSWER(ANSWER_ID,QUESTION_ID) VALUES(66,17)
INSERT INTO QUESTION_ANSWER(ANSWER_ID,QUESTION_ID) VALUES(67,17)
INSERT INTO QUESTION_ANSWER(ANSWER_ID,QUESTION_ID) VALUES(68,17)
INSERT INTO question (question, difficulty, topic, pool_id  ) VALUES('Wie lange dauerte die Entwicklung des Gratis-Spiels "Team Fortress 2"?', 'hard', 'Computerspiele',2)
INSERT INTO ANSWER(ANSWER,POOL_ID) VALUES ('9 Jahre',2)
INSERT INTO ANSWER(ANSWER,POOL_ID) VALUES ('5 Jahre',2)
INSERT INTO ANSWER(ANSWER,POOL_ID) VALUES ('2 Jahre',2)
INSERT INTO ANSWER(ANSWER,POOL_ID) VALUES ('8 Monate',2)
INSERT INTO QUESTION_ANSWER(ANSWER_ID,QUESTION_ID) VALUES(69,18)
INSERT INTO QUESTION_ANSWER(ANSWER_ID,QUESTION_ID) VALUES(70,18)
INSERT INTO QUESTION_ANSWER(ANSWER_ID,QUESTION_ID) VALUES(71,18)
INSERT INTO QUESTION_ANSWER(ANSWER_ID,QUESTION_ID) VALUES(72,18)
INSERT INTO question (question, difficulty, topic, pool_id  ) VALUES('Wie heisst die Prinzessin in "Super Mario Land" fuer den Game Boy?', 'hard', 'Computerspiele',2)
INSERT INTO ANSWER(ANSWER,POOL_ID) VALUES ('Daisy',2)
INSERT INTO ANSWER(ANSWER,POOL_ID) VALUES ('Peach',2)
INSERT INTO ANSWER(ANSWER,POOL_ID) VALUES ('Beach',2)
INSERT INTO ANSWER(ANSWER,POOL_ID) VALUES ('Mia',2)
INSERT INTO QUESTION_ANSWER(ANSWER_ID,QUESTION_ID) VALUES(73,19)
INSERT INTO QUESTION_ANSWER(ANSWER_ID,QUESTION_ID) VALUES(74,19)
INSERT INTO QUESTION_ANSWER(ANSWER_ID,QUESTION_ID) VALUES(75,19)
INSERT INTO QUESTION_ANSWER(ANSWER_ID,QUESTION_ID) VALUES(76,19)
INSERT INTO question (question, difficulty, topic, pool_id  ) VALUES('Wie heisst die Hauptfigur in "Resident Evil 4"?', 'hard', 'Computerspiele',2)
INSERT INTO ANSWER(ANSWER,POOL_ID) VALUES ('Leon S. Kennedy',2)
INSERT INTO ANSWER(ANSWER,POOL_ID) VALUES ('John Millner',2)
INSERT INTO ANSWER(ANSWER,POOL_ID) VALUES ('Tom Cruise',2)
INSERT INTO ANSWER(ANSWER,POOL_ID) VALUES ('Michael A. Terry',2)
INSERT INTO QUESTION_ANSWER(ANSWER_ID,QUESTION_ID) VALUES(77,20)
INSERT INTO QUESTION_ANSWER(ANSWER_ID,QUESTION_ID) VALUES(78,20)
INSERT INTO QUESTION_ANSWER(ANSWER_ID,QUESTION_ID) VALUES(79,20)
INSERT INTO QUESTION_ANSWER(ANSWER_ID,QUESTION_ID) VALUES(80,20)
INSERT INTO question (question, difficulty, topic, pool_id  ) VALUES('Wie heisst die Hauptfigur im Spiel "Final Fantasy IX"?', 'hard', 'Computerspiele',2)
INSERT INTO ANSWER(ANSWER,POOL_ID) VALUES ('Zidane Tribal',2)
INSERT INTO ANSWER(ANSWER,POOL_ID) VALUES ('Zinedine Zidane',2)
INSERT INTO ANSWER(ANSWER,POOL_ID) VALUES ('Tom Carry',2)
INSERT INTO ANSWER(ANSWER,POOL_ID) VALUES ('John Terry',2)
INSERT INTO QUESTION_ANSWER(ANSWER_ID,QUESTION_ID) VALUES(81,21)
INSERT INTO QUESTION_ANSWER(ANSWER_ID,QUESTION_ID) VALUES(82,21)
INSERT INTO QUESTION_ANSWER(ANSWER_ID,QUESTION_ID) VALUES(83,21)
INSERT INTO QUESTION_ANSWER(ANSWER_ID,QUESTION_ID) VALUES(84,21)
INSERT INTO question (question, difficulty, topic, pool_id  ) VALUES('Wie heisst der klassische und vielfach verkaufte Computer, der im Jahr 1982 auf dem Markt kam und dessen Spiele auf Datassetten erhaeltlich waren?', 'hard', 'Computerspiele',2)
INSERT INTO ANSWER(ANSWER,POOL_ID) VALUES ('Commodore 64',2)
INSERT INTO ANSWER(ANSWER,POOL_ID) VALUES ('N64',2)
INSERT INTO ANSWER(ANSWER,POOL_ID) VALUES ('IBM P3',2)
INSERT INTO ANSWER(ANSWER,POOL_ID) VALUES ('Apple Pimpin',2)
INSERT INTO QUESTION_ANSWER(ANSWER_ID,QUESTION_ID) VALUES(85,22)
INSERT INTO QUESTION_ANSWER(ANSWER_ID,QUESTION_ID) VALUES(86,22)
INSERT INTO QUESTION_ANSWER(ANSWER_ID,QUESTION_ID) VALUES(87,22)
INSERT INTO QUESTION_ANSWER(ANSWER_ID,QUESTION_ID) VALUES(88,22)
INSERT INTO question (question, difficulty, topic, pool_id  ) VALUES('Wie heisst der erste Pilz-aehnliche Feind, dem man in "Super Mario Bros." (1985) begegnet?', 'hard', 'Computerspiele',2)
INSERT INTO ANSWER(ANSWER,POOL_ID) VALUES ('Goombas',2)
INSERT INTO ANSWER(ANSWER,POOL_ID) VALUES ('Bloobs',2)
INSERT INTO ANSWER(ANSWER,POOL_ID) VALUES ('Bobs',2)
INSERT INTO ANSWER(ANSWER,POOL_ID) VALUES ('Crashers',2)
INSERT INTO QUESTION_ANSWER(ANSWER_ID,QUESTION_ID) VALUES(89,23)
INSERT INTO QUESTION_ANSWER(ANSWER_ID,QUESTION_ID) VALUES(90,23)
INSERT INTO QUESTION_ANSWER(ANSWER_ID,QUESTION_ID) VALUES(91,23)
INSERT INTO QUESTION_ANSWER(ANSWER_ID,QUESTION_ID) VALUES(92,23)
INSERT INTO question (question, difficulty, topic, pool_id  ) VALUES('Welches Land war kein Schauplatz eines Levels im Spiel "Tomb-Raider-III"?', 'hard', 'Computerspiele',2)
INSERT INTO ANSWER(ANSWER,POOL_ID) VALUES ('Italien',2)
INSERT INTO ANSWER(ANSWER,POOL_ID) VALUES ('England',2)
INSERT INTO ANSWER(ANSWER,POOL_ID) VALUES ('Deutschland',2)
INSERT INTO ANSWER(ANSWER,POOL_ID) VALUES ('Frankreich',2)
INSERT INTO QUESTION_ANSWER(ANSWER_ID,QUESTION_ID) VALUES(93,24)
INSERT INTO QUESTION_ANSWER(ANSWER_ID,QUESTION_ID) VALUES(94,24)
INSERT INTO QUESTION_ANSWER(ANSWER_ID,QUESTION_ID) VALUES(95,24)
INSERT INTO QUESTION_ANSWER(ANSWER_ID,QUESTION_ID) VALUES(96,24)
INSERT INTO question (question, difficulty, topic, pool_id  ) VALUES('Welche Beschreibung trifft auf das Spiel "Crackdown" zu?', 'hard', 'Computerspiele',2)
INSERT INTO ANSWER(ANSWER,POOL_ID) VALUES ('Open World',2)
INSERT INTO ANSWER(ANSWER,POOL_ID) VALUES ('EGO',2)
INSERT INTO ANSWER(ANSWER,POOL_ID) VALUES ('Strategie',2)
INSERT INTO ANSWER(ANSWER,POOL_ID) VALUES ('Geschicklichkeit',2)
INSERT INTO QUESTION_ANSWER(ANSWER_ID,QUESTION_ID) VALUES(97,25)
INSERT INTO QUESTION_ANSWER(ANSWER_ID,QUESTION_ID) VALUES(98,25)
INSERT INTO QUESTION_ANSWER(ANSWER_ID,QUESTION_ID) VALUES(99,25)
INSERT INTO QUESTION_ANSWER(ANSWER_ID,QUESTION_ID) VALUES(100,25)
INSERT INTO question (question, difficulty, topic, pool_id  ) VALUES('Welche Art von Spiel ist "Jazz Jackrabbit", das im Jahr 1994 von Epic Games veroeffentlicht wurde?', 'hard', 'Computerspiele',2)
INSERT INTO ANSWER(ANSWER,POOL_ID) VALUES ('Jump n´Run',2)
INSERT INTO ANSWER(ANSWER,POOL_ID) VALUES ('Hide and Seek',2)
INSERT INTO ANSWER(ANSWER,POOL_ID) VALUES ('Search and Destroy',2)
INSERT INTO ANSWER(ANSWER,POOL_ID) VALUES ('Capture the Flag',2)
INSERT INTO QUESTION_ANSWER(ANSWER_ID,QUESTION_ID) VALUES(101,26)
INSERT INTO QUESTION_ANSWER(ANSWER_ID,QUESTION_ID) VALUES(102,26)
INSERT INTO QUESTION_ANSWER(ANSWER_ID,QUESTION_ID) VALUES(103,26)
INSERT INTO QUESTION_ANSWER(ANSWER_ID,QUESTION_ID) VALUES(104,26)
INSERT INTO question (question, difficulty, topic, pool_id  ) VALUES('Was war der urspruengliche Name von "Super Mario" beim Arcade Spiel "Donkey Kong" aus dem Jahr 1981?', 'hard', 'Computerspiele',2)
INSERT INTO ANSWER(ANSWER,POOL_ID) VALUES ('Jumpman',2)
INSERT INTO ANSWER(ANSWER,POOL_ID) VALUES ('Italianman',2)
INSERT INTO ANSWER(ANSWER,POOL_ID) VALUES ('Marioman',2)
INSERT INTO ANSWER(ANSWER,POOL_ID) VALUES ('Runningman',2)
INSERT INTO QUESTION_ANSWER(ANSWER_ID,QUESTION_ID) VALUES(105,27)
INSERT INTO QUESTION_ANSWER(ANSWER_ID,QUESTION_ID) VALUES(106,27)
INSERT INTO QUESTION_ANSWER(ANSWER_ID,QUESTION_ID) VALUES(107,27)
INSERT INTO QUESTION_ANSWER(ANSWER_ID,QUESTION_ID) VALUES(108,27)
INSERT INTO question (question, difficulty, topic, pool_id  ) VALUES('Was ist ein "Landstalker" im Spiel GTA IV?', 'hard', 'Computerspiele',2)
INSERT INTO ANSWER(ANSWER,POOL_ID) VALUES ('SUV',2)
INSERT INTO ANSWER(ANSWER,POOL_ID) VALUES ('Motorrad',2)
INSERT INTO ANSWER(ANSWER,POOL_ID) VALUES ('Supersportwagen',2)
INSERT INTO ANSWER(ANSWER,POOL_ID) VALUES ('Bus',2)
INSERT INTO QUESTION_ANSWER(ANSWER_ID,QUESTION_ID) VALUES(109,28)
INSERT INTO QUESTION_ANSWER(ANSWER_ID,QUESTION_ID) VALUES(110,28)
INSERT INTO QUESTION_ANSWER(ANSWER_ID,QUESTION_ID) VALUES(111,28)
INSERT INTO QUESTION_ANSWER(ANSWER_ID,QUESTION_ID) VALUES(112,28) 
INSERT INTO question (question, difficulty, topic, pool_id  ) VALUES('Was haben die Spiele "Wolfenstein 3D", "Quake" und "Hexen" gemeinsam?', 'hard', 'Computerspiele',2)
INSERT INTO ANSWER(ANSWER,POOL_ID) VALUES ('Ego-Shooter-Spiele',2)
INSERT INTO ANSWER(ANSWER,POOL_ID) VALUES ('Grafik Engine',2)
INSERT INTO ANSWER(ANSWER,POOL_ID) VALUES ('Charaktere',2)
INSERT INTO ANSWER(ANSWER,POOL_ID) VALUES ('Entwickler',2)
INSERT INTO QUESTION_ANSWER(ANSWER_ID,QUESTION_ID) VALUES(113,29)
INSERT INTO QUESTION_ANSWER(ANSWER_ID,QUESTION_ID) VALUES(114,29)
INSERT INTO QUESTION_ANSWER(ANSWER_ID,QUESTION_ID) VALUES(115,29)
INSERT INTO QUESTION_ANSWER(ANSWER_ID,QUESTION_ID) VALUES(116,29) 
INSERT INTO question (question, difficulty, topic, pool_id  ) VALUES('In welchem Jahr spielt das Spiel "Red Dead Redemption"?', 'hard', 'Computerspiele',2)
INSERT INTO ANSWER(ANSWER,POOL_ID) VALUES ('1911',2)
INSERT INTO ANSWER(ANSWER,POOL_ID) VALUES ('1924',2)
INSERT INTO ANSWER(ANSWER,POOL_ID) VALUES ('1894',2)
INSERT INTO ANSWER(ANSWER,POOL_ID) VALUES ('1953',2)
INSERT INTO QUESTION_ANSWER(ANSWER_ID,QUESTION_ID) VALUES(117,30)
INSERT INTO QUESTION_ANSWER(ANSWER_ID,QUESTION_ID) VALUES(118,30)
INSERT INTO QUESTION_ANSWER(ANSWER_ID,QUESTION_ID) VALUES(119,30)
INSERT INTO QUESTION_ANSWER(ANSWER_ID,QUESTION_ID) VALUES(120,30) 

INSERT INTO question (question, difficulty, topic, pool_id  ) VALUES('Alexander Grahamm Bell war der Erste, der ein Patent hierfuer erhielt. Worum geht es?', 'easy', 'Technik',3)
INSERT INTO ANSWER(ANSWER) VALUES ('Telefon')
INSERT INTO ANSWER(ANSWER) VALUES ('Grammophon')
INSERT INTO ANSWER(ANSWER) VALUES ('Saxofon')
INSERT INTO ANSWER(ANSWER) VALUES ('Fernseher')
INSERT INTO QUESTION_ANSWER(ANSWER_ID,QUESTION_ID) VALUES(121,31)
INSERT INTO QUESTION_ANSWER(ANSWER_ID,QUESTION_ID) VALUES(122,31)
INSERT INTO QUESTION_ANSWER(ANSWER_ID,QUESTION_ID) VALUES(123,31)
INSERT INTO QUESTION_ANSWER(ANSWER_ID,QUESTION_ID) VALUES(124,31) 
INSERT INTO question (question, difficulty, topic, pool_id  ) VALUES('Aus welchem Land kommt das Technologieunternehmen HTC?', 'easy', 'Technik',3)
INSERT INTO ANSWER(ANSWER) VALUES ('Taiwan')
INSERT INTO ANSWER(ANSWER) VALUES ('Japan')
INSERT INTO ANSWER(ANSWER) VALUES ('China')
INSERT INTO ANSWER(ANSWER) VALUES ('Indien')
INSERT INTO QUESTION_ANSWER(ANSWER_ID,QUESTION_ID) VALUES(125,32)
INSERT INTO QUESTION_ANSWER(ANSWER_ID,QUESTION_ID) VALUES(126,32)
INSERT INTO QUESTION_ANSWER(ANSWER_ID,QUESTION_ID) VALUES(127,32)
INSERT INTO QUESTION_ANSWER(ANSWER_ID,QUESTION_ID) VALUES(128,32) 
INSERT INTO question (question, difficulty, topic, pool_id  ) VALUES('Durch welches Material wird bei einem Saxofon der Ton erzeugt?', 'easy', 'Technik',3)
INSERT INTO ANSWER(ANSWER) VALUES ('Holz')
INSERT INTO ANSWER(ANSWER) VALUES ('Metall')
INSERT INTO ANSWER(ANSWER) VALUES ('Aluminium')
INSERT INTO ANSWER(ANSWER) VALUES ('Nickel')
INSERT INTO QUESTION_ANSWER(ANSWER_ID,QUESTION_ID) VALUES(129,33)
INSERT INTO QUESTION_ANSWER(ANSWER_ID,QUESTION_ID) VALUES(130,33)
INSERT INTO QUESTION_ANSWER(ANSWER_ID,QUESTION_ID) VALUES(131,33)
INSERT INTO QUESTION_ANSWER(ANSWER_ID,QUESTION_ID) VALUES(132,33) 
INSERT INTO question (question, difficulty, topic, pool_id  ) VALUES('Ein Fahrzeug mit Elektromotor gewinnt beim Bremsen Energie zurueck. Wie nennt man diesen Vorgang?', 'easy', 'Technik',3)
INSERT INTO ANSWER(ANSWER) VALUES ('Rekuperation')
INSERT INTO ANSWER(ANSWER) VALUES ('Translation')
INSERT INTO ANSWER(ANSWER) VALUES ('Regeneration')
INSERT INTO ANSWER(ANSWER) VALUES ('Rotation')
INSERT INTO QUESTION_ANSWER(ANSWER_ID,QUESTION_ID) VALUES(133,34)
INSERT INTO QUESTION_ANSWER(ANSWER_ID,QUESTION_ID) VALUES(134,34)
INSERT INTO QUESTION_ANSWER(ANSWER_ID,QUESTION_ID) VALUES(135,34)
INSERT INTO QUESTION_ANSWER(ANSWER_ID,QUESTION_ID) VALUES(136,34) 
INSERT INTO question (question, difficulty, topic, pool_id  ) VALUES('Im Winter 1879 zeigte Thomas Alva Edison den/die/das erste/n funktionierende/n...? ', 'easy', 'Technik',3)
INSERT INTO ANSWER(ANSWER) VALUES ('Gluehlampe')
INSERT INTO ANSWER(ANSWER) VALUES ('Fernbedienung')
INSERT INTO ANSWER(ANSWER) VALUES ('Spule')
INSERT INTO ANSWER(ANSWER) VALUES ('Laser ')
INSERT INTO QUESTION_ANSWER(ANSWER_ID,QUESTION_ID) VALUES(137,35)
INSERT INTO QUESTION_ANSWER(ANSWER_ID,QUESTION_ID) VALUES(138,35)
INSERT INTO QUESTION_ANSWER(ANSWER_ID,QUESTION_ID) VALUES(139,35)
INSERT INTO QUESTION_ANSWER(ANSWER_ID,QUESTION_ID) VALUES(140,35) 
INSERT INTO question (question, difficulty, topic, pool_id  ) VALUES('In welchem Jahr wurde das iPhone 4 veroeffentlicht?', 'easy', 'Technik',3)
INSERT INTO ANSWER(ANSWER) VALUES ('2010')
INSERT INTO ANSWER(ANSWER) VALUES ('2009')
INSERT INTO ANSWER(ANSWER) VALUES ('2011')
INSERT INTO ANSWER(ANSWER) VALUES ('2008 ')
INSERT INTO QUESTION_ANSWER(ANSWER_ID,QUESTION_ID) VALUES(141,36)
INSERT INTO QUESTION_ANSWER(ANSWER_ID,QUESTION_ID) VALUES(142,36)
INSERT INTO QUESTION_ANSWER(ANSWER_ID,QUESTION_ID) VALUES(143,36)
INSERT INTO QUESTION_ANSWER(ANSWER_ID,QUESTION_ID) VALUES(144,36) 
INSERT INTO question (question, difficulty, topic, pool_id  ) VALUES('In welchem Jahr wurde der "Zauberwuerfel", auch Rubiks Cube genannt, erfunden?', 'easy', 'Technik',3)
INSERT INTO ANSWER(ANSWER) VALUES ('1974')
INSERT INTO ANSWER(ANSWER) VALUES ('1936')
INSERT INTO ANSWER(ANSWER) VALUES ('1965')
INSERT INTO ANSWER(ANSWER) VALUES ('1983 ')
INSERT INTO QUESTION_ANSWER(ANSWER_ID,QUESTION_ID) VALUES(145,37)
INSERT INTO QUESTION_ANSWER(ANSWER_ID,QUESTION_ID) VALUES(146,37)
INSERT INTO QUESTION_ANSWER(ANSWER_ID,QUESTION_ID) VALUES(147,37)
INSERT INTO QUESTION_ANSWER(ANSWER_ID,QUESTION_ID) VALUES(148,37) 
INSERT INTO question (question, difficulty, topic, pool_id  ) VALUES('In welchem Land hat die Steckdose drei Schlitze, die in einem Dreieck angeordnet sind?', 'easy', 'Technik',3)
INSERT INTO ANSWER(ANSWER) VALUES ('England')
INSERT INTO ANSWER(ANSWER) VALUES ('USA')
INSERT INTO ANSWER(ANSWER) VALUES ('Kanada')
INSERT INTO ANSWER(ANSWER) VALUES ('China ')
INSERT INTO QUESTION_ANSWER(ANSWER_ID,QUESTION_ID) VALUES(149,38)
INSERT INTO QUESTION_ANSWER(ANSWER_ID,QUESTION_ID) VALUES(150,38)
INSERT INTO QUESTION_ANSWER(ANSWER_ID,QUESTION_ID) VALUES(151,38)
INSERT INTO QUESTION_ANSWER(ANSWER_ID,QUESTION_ID) VALUES(152,38) 
INSERT INTO question (question, difficulty, topic, pool_id  ) VALUES('Jedes siebte Jahr wird der Eifelturm in einer anderen Farbe gestrichen. Wie lange dauert der gesamte Vorgang ungefaehr?', 'easy', 'Technik',3)
INSERT INTO ANSWER(ANSWER) VALUES ('20 Monate')
INSERT INTO ANSWER(ANSWER) VALUES ('7 Monate')
INSERT INTO ANSWER(ANSWER) VALUES ('11 Monate ')
INSERT INTO ANSWER(ANSWER) VALUES ('3 Monate ')
INSERT INTO QUESTION_ANSWER(ANSWER_ID,QUESTION_ID) VALUES(153,39)
INSERT INTO QUESTION_ANSWER(ANSWER_ID,QUESTION_ID) VALUES(154,39)
INSERT INTO QUESTION_ANSWER(ANSWER_ID,QUESTION_ID) VALUES(155,39)
INSERT INTO QUESTION_ANSWER(ANSWER_ID,QUESTION_ID) VALUES(156,39) 
INSERT INTO question (question, difficulty, topic, pool_id  ) VALUES('Wann wurde die NASA gegruendet?', 'easy', 'Technik',3)
INSERT INTO ANSWER(ANSWER) VALUES ('1958')
INSERT INTO ANSWER(ANSWER) VALUES ('1951')
INSERT INTO ANSWER(ANSWER) VALUES ('1963 ')
INSERT INTO ANSWER(ANSWER) VALUES ('1954 ')
INSERT INTO QUESTION_ANSWER(ANSWER_ID,QUESTION_ID) VALUES(157,40)
INSERT INTO QUESTION_ANSWER(ANSWER_ID,QUESTION_ID) VALUES(158,40)
INSERT INTO QUESTION_ANSWER(ANSWER_ID,QUESTION_ID) VALUES(159,40)
INSERT INTO QUESTION_ANSWER(ANSWER_ID,QUESTION_ID) VALUES(160,40) 
INSERT INTO question (question, difficulty, topic, pool_id  ) VALUES('Was bedeutet die Abkuerzung "FPS" im Zusammenhang mit Film- oder Videoaufnahmen und graphischen Computeranwendungen?', 'easy', 'Technik',3)
INSERT INTO ANSWER(ANSWER) VALUES ('Frames per second')
INSERT INTO ANSWER(ANSWER) VALUES ('Files per second')
INSERT INTO ANSWER(ANSWER) VALUES ('Flops per second ')
INSERT INTO ANSWER(ANSWER) VALUES ('Fingers per slide ')
INSERT INTO QUESTION_ANSWER(ANSWER_ID,QUESTION_ID) VALUES(161,41)
INSERT INTO QUESTION_ANSWER(ANSWER_ID,QUESTION_ID) VALUES(162,41)
INSERT INTO QUESTION_ANSWER(ANSWER_ID,QUESTION_ID) VALUES(163,41)
INSERT INTO QUESTION_ANSWER(ANSWER_ID,QUESTION_ID) VALUES(164,41) 
INSERT INTO question (question, difficulty, topic, pool_id  ) VALUES('Was haben Porsche und Lamborghini gemeinsam?', 'easy', 'Technik',3)
INSERT INTO ANSWER(ANSWER) VALUES ('Stellen beide Traktoren her')
INSERT INTO ANSWER(ANSWER) VALUES ('bauen Motor nicht selbst')
INSERT INTO ANSWER(ANSWER) VALUES ('sind gleich alt ')
INSERT INTO ANSWER(ANSWER) VALUES ('sind viel zu teuer ')
INSERT INTO QUESTION_ANSWER(ANSWER_ID,QUESTION_ID) VALUES(165,42)
INSERT INTO QUESTION_ANSWER(ANSWER_ID,QUESTION_ID) VALUES(166,42)
INSERT INTO QUESTION_ANSWER(ANSWER_ID,QUESTION_ID) VALUES(167,42)
INSERT INTO QUESTION_ANSWER(ANSWER_ID,QUESTION_ID) VALUES(168,42)
INSERT INTO question (question, difficulty, topic, pool_id  ) VALUES('Was speichert ein Kondensator?', 'easy', 'Technik',3)
INSERT INTO ANSWER(ANSWER) VALUES ('Elektrische Ladung')
INSERT INTO ANSWER(ANSWER) VALUES ('Spannung')
INSERT INTO ANSWER(ANSWER) VALUES ('Strom ')
INSERT INTO ANSWER(ANSWER) VALUES ('Elemente ')
INSERT INTO QUESTION_ANSWER(ANSWER_ID,QUESTION_ID) VALUES(169,43)
INSERT INTO QUESTION_ANSWER(ANSWER_ID,QUESTION_ID) VALUES(170,43)
INSERT INTO QUESTION_ANSWER(ANSWER_ID,QUESTION_ID) VALUES(171,43)
INSERT INTO QUESTION_ANSWER(ANSWER_ID,QUESTION_ID) VALUES(172,43)  
INSERT INTO question (question, difficulty, topic, pool_id  ) VALUES('Was sucht man in einem Auto im Dieselmotor vergeblich?', 'easy', 'Technik',3)
INSERT INTO ANSWER(ANSWER) VALUES ('Zuendkerzen')
INSERT INTO ANSWER(ANSWER) VALUES ('Katalysator')
INSERT INTO ANSWER(ANSWER) VALUES ('Schwungrad ')
INSERT INTO ANSWER(ANSWER) VALUES ('Zylinder ')
INSERT INTO QUESTION_ANSWER(ANSWER_ID,QUESTION_ID) VALUES(173,44)
INSERT INTO QUESTION_ANSWER(ANSWER_ID,QUESTION_ID) VALUES(174,44)
INSERT INTO QUESTION_ANSWER(ANSWER_ID,QUESTION_ID) VALUES(175,44)
INSERT INTO QUESTION_ANSWER(ANSWER_ID,QUESTION_ID) VALUES(176,44)  
INSERT INTO question (question, difficulty, topic, pool_id  ) VALUES('Was bedeutet HDD im Zusammenhang mit Festplatten?', 'easy', 'Technik',3)
INSERT INTO ANSWER(ANSWER) VALUES ('Hard Disk Drive')
INSERT INTO ANSWER(ANSWER) VALUES ('Hard Dynamic Drive')
INSERT INTO ANSWER(ANSWER) VALUES ('High Dynamic Drive ')
INSERT INTO ANSWER(ANSWER) VALUES ('High Disk Drive ')
INSERT INTO QUESTION_ANSWER(ANSWER_ID,QUESTION_ID) VALUES(177,45)
INSERT INTO QUESTION_ANSWER(ANSWER_ID,QUESTION_ID) VALUES(178,45)
INSERT INTO QUESTION_ANSWER(ANSWER_ID,QUESTION_ID) VALUES(179,45)
INSERT INTO QUESTION_ANSWER(ANSWER_ID,QUESTION_ID) VALUES(180,45)  

INSERT INTO question (question, difficulty, topic, pool_id  ) VALUES('Die Raumsonde welchen Landes landete als erste auf der Venus?', 'hard', 'Technik',4)
INSERT INTO ANSWER(ANSWER) VALUES ('Sowjetunion')
INSERT INTO ANSWER(ANSWER) VALUES ('USA')
INSERT INTO ANSWER(ANSWER) VALUES ('Indien')
INSERT INTO ANSWER(ANSWER) VALUES ('Brasilien')
INSERT INTO QUESTION_ANSWER(ANSWER_ID,QUESTION_ID) VALUES(181,46)
INSERT INTO QUESTION_ANSWER(ANSWER_ID,QUESTION_ID) VALUES(182,46)
INSERT INTO QUESTION_ANSWER(ANSWER_ID,QUESTION_ID) VALUES(183,46)
INSERT INTO QUESTION_ANSWER(ANSWER_ID,QUESTION_ID) VALUES(184,46)  
INSERT INTO question (question, difficulty, topic, pool_id  ) VALUES('In welchem Jahr erfand Fahrenheit das erste Thermometer?', 'hard', 'Technik',4)
INSERT INTO ANSWER(ANSWER) VALUES ('1724')
INSERT INTO ANSWER(ANSWER) VALUES ('1693')
INSERT INTO ANSWER(ANSWER) VALUES ('1826')
INSERT INTO ANSWER(ANSWER) VALUES ('1789')
INSERT INTO QUESTION_ANSWER(ANSWER_ID,QUESTION_ID) VALUES(185,47)
INSERT INTO QUESTION_ANSWER(ANSWER_ID,QUESTION_ID) VALUES(186,47)
INSERT INTO QUESTION_ANSWER(ANSWER_ID,QUESTION_ID) VALUES(187,47)
INSERT INTO QUESTION_ANSWER(ANSWER_ID,QUESTION_ID) VALUES(188,47)  
INSERT INTO question (question, difficulty, topic, pool_id  ) VALUES('Unter welchem Namen ist "Light amplification by stimulated emission of radiation" besser bekannt?', 'hard', 'Technik',4)
INSERT INTO ANSWER(ANSWER) VALUES ('Laser')
INSERT INTO ANSWER(ANSWER) VALUES ('LED')
INSERT INTO ANSWER(ANSWER) VALUES ('Halogen')
INSERT INTO ANSWER(ANSWER) VALUES ('Osram')
INSERT INTO QUESTION_ANSWER(ANSWER_ID,QUESTION_ID) VALUES(189,48)
INSERT INTO QUESTION_ANSWER(ANSWER_ID,QUESTION_ID) VALUES(190,48)
INSERT INTO QUESTION_ANSWER(ANSWER_ID,QUESTION_ID) VALUES(191,48)
INSERT INTO QUESTION_ANSWER(ANSWER_ID,QUESTION_ID) VALUES(192,48)  
INSERT INTO question (question, difficulty, topic, pool_id  ) VALUES('Was erfand der Deutsche Rudolf Diesel?', 'hard', 'Technik',4)
INSERT INTO ANSWER(ANSWER) VALUES ('Motor, der mit verschiedenen Kraftstoffen funktioniert')
INSERT INTO ANSWER(ANSWER) VALUES ('Benzinmotor')
INSERT INTO ANSWER(ANSWER) VALUES ('Diesel Kraftstoff')
INSERT INTO ANSWER(ANSWER) VALUES ('Handbremse')
INSERT INTO QUESTION_ANSWER(ANSWER_ID,QUESTION_ID) VALUES(193,49)
INSERT INTO QUESTION_ANSWER(ANSWER_ID,QUESTION_ID) VALUES(194,49)
INSERT INTO QUESTION_ANSWER(ANSWER_ID,QUESTION_ID) VALUES(195,49)
INSERT INTO QUESTION_ANSWER(ANSWER_ID,QUESTION_ID) VALUES(196,49)  
INSERT INTO question (question, difficulty, topic, pool_id  ) VALUES('Welche Erfindung fuer den Haushalt kam in den 1930er Jahren auf den Markt und stammt oft von Marken wie AEG, Beko und Electro-Helios?', 'hard', 'Technik',4)
INSERT INTO ANSWER(ANSWER) VALUES ('Spuelmaschine')
INSERT INTO ANSWER(ANSWER) VALUES ('Waschmaschine')
INSERT INTO ANSWER(ANSWER) VALUES ('Buegeleisen')
INSERT INTO ANSWER(ANSWER) VALUES ('Rasierer')
INSERT INTO QUESTION_ANSWER(ANSWER_ID,QUESTION_ID) VALUES(197,50)
INSERT INTO QUESTION_ANSWER(ANSWER_ID,QUESTION_ID) VALUES(198,50)
INSERT INTO QUESTION_ANSWER(ANSWER_ID,QUESTION_ID) VALUES(199,50)
INSERT INTO QUESTION_ANSWER(ANSWER_ID,QUESTION_ID) VALUES(200,50)  
INSERT INTO question (question, difficulty, topic, pool_id  ) VALUES('Welche Farbe hat "Schutzleiter" in einem gewoehnlichen Stromkabel?', 'hard', 'Technik',4)
INSERT INTO ANSWER(ANSWER) VALUES ('Gruen-Gelb')
INSERT INTO ANSWER(ANSWER) VALUES ('Rot')
INSERT INTO ANSWER(ANSWER) VALUES ('Blau')
INSERT INTO ANSWER(ANSWER) VALUES ('Schwarz')
INSERT INTO QUESTION_ANSWER(ANSWER_ID,QUESTION_ID) VALUES(201,51)
INSERT INTO QUESTION_ANSWER(ANSWER_ID,QUESTION_ID) VALUES(202,51)
INSERT INTO QUESTION_ANSWER(ANSWER_ID,QUESTION_ID) VALUES(203,51)
INSERT INTO QUESTION_ANSWER(ANSWER_ID,QUESTION_ID) VALUES(204,51)  
INSERT INTO question (question, difficulty, topic, pool_id  ) VALUES('Welches Unternehmen hat sowohl die Festplatte, die Diskette als auch den Magnetstreifen erfunden?', 'hard', 'Technik',4)
INSERT INTO ANSWER(ANSWER) VALUES ('IBM')
INSERT INTO ANSWER(ANSWER) VALUES ('Apple')
INSERT INTO ANSWER(ANSWER) VALUES ('Microsoft')
INSERT INTO ANSWER(ANSWER) VALUES ('Sony')
INSERT INTO QUESTION_ANSWER(ANSWER_ID,QUESTION_ID) VALUES(205,52)
INSERT INTO QUESTION_ANSWER(ANSWER_ID,QUESTION_ID) VALUES(206,52)
INSERT INTO QUESTION_ANSWER(ANSWER_ID,QUESTION_ID) VALUES(207,52)
INSERT INTO QUESTION_ANSWER(ANSWER_ID,QUESTION_ID) VALUES(208,52) 
INSERT INTO question (question, difficulty, topic, pool_id  ) VALUES('Welches Unternehmen stellt sowohl Heimkino-Systeme, DJ-Equipment, Zubehoer fuer Autos als auch Blu-Ray-Player her?', 'hard', 'Technik',4)
INSERT INTO ANSWER(ANSWER) VALUES ('Pioneer ')
INSERT INTO ANSWER(ANSWER) VALUES ('Bose')
INSERT INTO ANSWER(ANSWER) VALUES ('Behringer')
INSERT INTO ANSWER(ANSWER) VALUES ('Sony')
INSERT INTO QUESTION_ANSWER(ANSWER_ID,QUESTION_ID) VALUES(209,53)
INSERT INTO QUESTION_ANSWER(ANSWER_ID,QUESTION_ID) VALUES(210,53)
INSERT INTO QUESTION_ANSWER(ANSWER_ID,QUESTION_ID) VALUES(211,53)
INSERT INTO QUESTION_ANSWER(ANSWER_ID,QUESTION_ID) VALUES(212,53) 
INSERT INTO question (question, difficulty, topic, pool_id  ) VALUES('Wie hiess das amerikanische Projekt, das zum Bau der ersten Atombombe fuehrte?', 'hard', 'Technik',4)
INSERT INTO ANSWER(ANSWER) VALUES ('Manhattan-Projekt ')
INSERT INTO ANSWER(ANSWER) VALUES ('Chicago-Projekt')
INSERT INTO ANSWER(ANSWER) VALUES ('Nevada-Projekt')
INSERT INTO ANSWER(ANSWER) VALUES ('Vegas-Projekt')
INSERT INTO QUESTION_ANSWER(ANSWER_ID,QUESTION_ID) VALUES(213,54)
INSERT INTO QUESTION_ANSWER(ANSWER_ID,QUESTION_ID) VALUES(214,54)
INSERT INTO QUESTION_ANSWER(ANSWER_ID,QUESTION_ID) VALUES(215,54)
INSERT INTO QUESTION_ANSWER(ANSWER_ID,QUESTION_ID) VALUES(216,54) 
INSERT INTO question (question, difficulty, topic, pool_id  ) VALUES('Wie hoch ist der Berliner Fernsehturm in Metern?', 'hard', 'Technik',4)
INSERT INTO ANSWER(ANSWER) VALUES ('368')
INSERT INTO ANSWER(ANSWER) VALUES ('439')
INSERT INTO ANSWER(ANSWER) VALUES ('298')
INSERT INTO ANSWER(ANSWER) VALUES ('483')
INSERT INTO QUESTION_ANSWER(ANSWER_ID,QUESTION_ID) VALUES(217,55)
INSERT INTO QUESTION_ANSWER(ANSWER_ID,QUESTION_ID) VALUES(218,55)
INSERT INTO QUESTION_ANSWER(ANSWER_ID,QUESTION_ID) VALUES(219,55)
INSERT INTO QUESTION_ANSWER(ANSWER_ID,QUESTION_ID) VALUES(220,55) 
INSERT INTO question (question, difficulty, topic, pool_id  ) VALUES('Wie hoch ist die Freiheitsstatue in New York, incl. Sockel in Metern?', 'hard', 'Technik',4)
INSERT INTO ANSWER(ANSWER) VALUES ('93')
INSERT INTO ANSWER(ANSWER) VALUES ('114')
INSERT INTO ANSWER(ANSWER) VALUES ('105')
INSERT INTO ANSWER(ANSWER) VALUES ('136')
INSERT INTO QUESTION_ANSWER(ANSWER_ID,QUESTION_ID) VALUES(221,56)
INSERT INTO QUESTION_ANSWER(ANSWER_ID,QUESTION_ID) VALUES(222,56)
INSERT INTO QUESTION_ANSWER(ANSWER_ID,QUESTION_ID) VALUES(223,56)
INSERT INTO QUESTION_ANSWER(ANSWER_ID,QUESTION_ID) VALUES(224,56) 
INSERT INTO question (question, difficulty, topic, pool_id  ) VALUES('Wie nennt man das Verfahren zum Aufspueren getauchter U-Boote, welches u.a. in beiden Weltkriegen angewendet wurde?', 'hard', 'Technik',4)
INSERT INTO ANSWER(ANSWER) VALUES ('ASDIC')
INSERT INTO ANSWER(ANSWER) VALUES ('TCP-IP')
INSERT INTO ANSWER(ANSWER) VALUES ('GPS')
INSERT INTO ANSWER(ANSWER) VALUES ('DPD')
INSERT INTO QUESTION_ANSWER(ANSWER_ID,QUESTION_ID) VALUES(225,57)
INSERT INTO QUESTION_ANSWER(ANSWER_ID,QUESTION_ID) VALUES(226,57)
INSERT INTO QUESTION_ANSWER(ANSWER_ID,QUESTION_ID) VALUES(227,57)
INSERT INTO QUESTION_ANSWER(ANSWER_ID,QUESTION_ID) VALUES(228,57) 
INSERT INTO question (question, difficulty, topic, pool_id  ) VALUES('Wie nennt man ein gelaeufiges Werkzeug zum Oeffnen von Tueren?', 'hard', 'Technik',4)
INSERT INTO ANSWER(ANSWER) VALUES ('Dietrich')
INSERT INTO ANSWER(ANSWER) VALUES ('Heinrich')
INSERT INTO ANSWER(ANSWER) VALUES ('Manfred')
INSERT INTO ANSWER(ANSWER) VALUES ('Schluessel')
INSERT INTO QUESTION_ANSWER(ANSWER_ID,QUESTION_ID) VALUES(229,58)
INSERT INTO QUESTION_ANSWER(ANSWER_ID,QUESTION_ID) VALUES(230,58)
INSERT INTO QUESTION_ANSWER(ANSWER_ID,QUESTION_ID) VALUES(231,58)
INSERT INTO QUESTION_ANSWER(ANSWER_ID,QUESTION_ID) VALUES(232,58) 
INSERT INTO question (question, difficulty, topic, pool_id  ) VALUES('Wofuer benutzt man einen sogenannten "Fuchsschwanz"?', 'hard', 'Technik',4)
INSERT INTO ANSWER(ANSWER) VALUES ('Saegen')
INSERT INTO ANSWER(ANSWER) VALUES ('Schrauben')
INSERT INTO ANSWER(ANSWER) VALUES ('Zeichnen')
INSERT INTO ANSWER(ANSWER) VALUES ('Sehen')
INSERT INTO QUESTION_ANSWER(ANSWER_ID,QUESTION_ID) VALUES(233,59)
INSERT INTO QUESTION_ANSWER(ANSWER_ID,QUESTION_ID) VALUES(234,59)
INSERT INTO QUESTION_ANSWER(ANSWER_ID,QUESTION_ID) VALUES(235,59)
INSERT INTO QUESTION_ANSWER(ANSWER_ID,QUESTION_ID) VALUES(236,59) 
INSERT INTO question (question, difficulty, topic, pool_id  ) VALUES('Wofuer steht HDMI?', 'hard', 'Technik',4)
INSERT INTO ANSWER(ANSWER) VALUES ('High-Definition Multimedia Interface')
INSERT INTO ANSWER(ANSWER) VALUES ('High-Definition Media Interface')
INSERT INTO ANSWER(ANSWER) VALUES ('High-Directional Media Interface')
INSERT INTO ANSWER(ANSWER) VALUES ('High-Definition Multimedia Implementation')
INSERT INTO QUESTION_ANSWER(ANSWER_ID,QUESTION_ID) VALUES(237,60)
INSERT INTO QUESTION_ANSWER(ANSWER_ID,QUESTION_ID) VALUES(238,60)
INSERT INTO QUESTION_ANSWER(ANSWER_ID,QUESTION_ID) VALUES(239,60)
INSERT INTO QUESTION_ANSWER(ANSWER_ID,QUESTION_ID) VALUES(240,60) 
INSERT INTO question (question, video ,difficulty, topic, pool_id) VALUES('Welches Instrument wird gespielt?','https://www.youtube.com/embed/bZ_BoOlAXyk?autoplay=1&start=65', 'easy', 'Musik',5)
INSERT INTO ANSWER(ANSWER) VALUES ('Geige')
INSERT INTO ANSWER(ANSWER) VALUES ('Klavier')
INSERT INTO ANSWER(ANSWER) VALUES ('Gitarre')
INSERT INTO ANSWER(ANSWER) VALUES ('Trommel')
INSERT INTO QUESTION_ANSWER(ANSWER_ID,QUESTION_ID) VALUES(241,61)
INSERT INTO QUESTION_ANSWER(ANSWER_ID,QUESTION_ID) VALUES(242,61)
INSERT INTO QUESTION_ANSWER(ANSWER_ID,QUESTION_ID) VALUES(243,61)
INSERT INTO QUESTION_ANSWER(ANSWER_ID,QUESTION_ID) VALUES(244,61) 
INSERT INTO question (question, difficulty, topic, pool_id) VALUES('Auf welchem TV-Sender wurde die Comedysendung "Wochenshow" ausgestrahlt?', 'easy', 'Musik',6)
INSERT INTO ANSWER(ANSWER) VALUES ('Sat1')
INSERT INTO ANSWER(ANSWER) VALUES ('ProSieben')
INSERT INTO ANSWER(ANSWER) VALUES ('Das Erste')
INSERT INTO ANSWER(ANSWER) VALUES ('KabelEins')
INSERT INTO ANSWER(ANSWER) VALUES ('Kika')
INSERT INTO ANSWER(ANSWER) VALUES ('ORF1')
INSERT INTO QUESTION_ANSWER(ANSWER_ID,QUESTION_ID) VALUES(245,62)
INSERT INTO QUESTION_ANSWER(ANSWER_ID,QUESTION_ID) VALUES(246,62)
INSERT INTO QUESTION_ANSWER(ANSWER_ID,QUESTION_ID) VALUES(247,62)
INSERT INTO QUESTION_ANSWER(ANSWER_ID,QUESTION_ID) VALUES(248,62) 
INSERT INTO QUESTION_ANSWER(ANSWER_ID,QUESTION_ID) VALUES(249,62)
INSERT INTO QUESTION_ANSWER(ANSWER_ID,QUESTION_ID) VALUES(250,62)
